CREATE DATABASE  IF NOT EXISTS `smart_garbage` /*!40100 DEFAULT CHARACTER SET utf8 */;
USE `smart_garbage`;
-- MySQL dump 10.13  Distrib 5.7.37, for Win64 (x86_64)
--
-- Host: localhost    Database: smart_garbage
-- ------------------------------------------------------
-- Server version	5.5.5-10.5.15-MariaDB-0+deb11u1

/*!40101 SET @OLD_CHARACTER_SET_CLIENT=@@CHARACTER_SET_CLIENT */;
/*!40101 SET @OLD_CHARACTER_SET_RESULTS=@@CHARACTER_SET_RESULTS */;
/*!40101 SET @OLD_COLLATION_CONNECTION=@@COLLATION_CONNECTION */;
/*!40101 SET NAMES utf8 */;
/*!40103 SET @OLD_TIME_ZONE=@@TIME_ZONE */;
/*!40103 SET TIME_ZONE='+00:00' */;
/*!40014 SET @OLD_UNIQUE_CHECKS=@@UNIQUE_CHECKS, UNIQUE_CHECKS=0 */;
/*!40014 SET @OLD_FOREIGN_KEY_CHECKS=@@FOREIGN_KEY_CHECKS, FOREIGN_KEY_CHECKS=0 */;
/*!40101 SET @OLD_SQL_MODE=@@SQL_MODE, SQL_MODE='NO_AUTO_VALUE_ON_ZERO' */;
/*!40111 SET @OLD_SQL_NOTES=@@SQL_NOTES, SQL_NOTES=0 */;

--
-- Table structure for table `action`
--

DROP TABLE IF EXISTS `action`;
/*!40101 SET @saved_cs_client     = @@character_set_client */;
/*!40101 SET character_set_client = utf8 */;
CREATE TABLE `action` (
  `actionid` int(11) NOT NULL AUTO_INCREMENT,
  `description` varchar(150) NOT NULL,
  PRIMARY KEY (`actionid`),
  UNIQUE KEY `description_UNIQUE` (`description`)
) ENGINE=InnoDB AUTO_INCREMENT=31 DEFAULT CHARSET=utf8;
/*!40101 SET character_set_client = @saved_cs_client */;

--
-- Dumping data for table `action`
--

LOCK TABLES `action` WRITE;
/*!40000 ALTER TABLE `action` DISABLE KEYS */;
INSERT INTO `action` VALUES (23,'Bagde was scanned'),(7,'Button of poweroff is pressed'),(5,'Button of the lcd is pressed'),(24,'Buzzer rings'),(20,'Door is closed'),(21,'Door is locked'),(22,'Door is open'),(18,'Door is unlocked remote'),(19,'Door is unlocked with badge'),(13,'Lcd is off'),(12,'Lcd is on'),(6,'Lcd show ip address'),(16,'Location changed'),(9,'Measure volume value'),(10,'Measure weight value'),(14,'New user added'),(8,'Raspberry pi is shutting down'),(28,'Raspberry pi is starting up'),(26,'Remote button of open is pressed'),(25,'Remote button of poweroff is pressed'),(30,'Rgb led show loading shutting down pi'),(29,'Rgb led show loading starting pi'),(27,'Rgb led show volume'),(11,'Show volume value'),(15,'User deleted'),(17,'User logged in'),(1,'Valve is closed'),(3,'Valve is locked'),(2,'Valve is open'),(4,'Valve is unlocked');
/*!40000 ALTER TABLE `action` ENABLE KEYS */;
UNLOCK TABLES;

--
-- Table structure for table `device`
--

DROP TABLE IF EXISTS `device`;
/*!40101 SET @saved_cs_client     = @@character_set_client */;
/*!40101 SET character_set_client = utf8 */;
CREATE TABLE `device` (
  `deviceid` int(11) NOT NULL AUTO_INCREMENT,
  `name` varchar(45) NOT NULL,
  `brand` varchar(45) DEFAULT NULL,
  `description` varchar(45) NOT NULL,
  `type` varchar(45) NOT NULL,
  `cost` float DEFAULT NULL,
  `unit` varchar(45) DEFAULT NULL,
  PRIMARY KEY (`deviceid`),
  UNIQUE KEY `name_idx` (`name`)
) ENGINE=InnoDB AUTO_INCREMENT=11 DEFAULT CHARSET=utf8;
/*!40101 SET character_set_client = @saved_cs_client */;

--
-- Dumping data for table `device`
--

LOCK TABLES `device` WRITE;
/*!40000 ALTER TABLE `device` DISABLE KEYS */;
INSERT INTO `device` VALUES (1,'Servo',NULL,'Door lock','SG90 Mini Servo',3.25,NULL),(2,'Magnet contact',NULL,'Door status','Reed Relais 2*14mm',0.4,NULL),(3,'Ultrasoon',NULL,'Volume meter','HC-SR04',3,'cm'),(4,'Weight',NULL,'Weight meter','Load Cell - 50kg',3,'kg'),(5,'LCD',NULL,'Display','LCD Display 16*2',4,NULL),(6,'RFID',NULL,'Badge reader','MFRC522',5.5,NULL),(7,'RGB-LED',NULL,'Show volume','8-bit RGB LEDs WS2812b',2.49,NULL),(8,'Button',NULL,'Button status','PBS-33B',NULL,NULL),(9,'Buzzer',NULL,'Buzzer status','Active Buzzer',2.39,NULL),(10,'RPI',NULL,'Raspberry pi','Raspberry pi 4',NULL,NULL);
/*!40000 ALTER TABLE `device` ENABLE KEYS */;
UNLOCK TABLES;

--
-- Table structure for table `history`
--

DROP TABLE IF EXISTS `history`;
/*!40101 SET @saved_cs_client     = @@character_set_client */;
/*!40101 SET character_set_client = utf8 */;
CREATE TABLE `history` (
  `historyid` int(11) NOT NULL AUTO_INCREMENT,
  `action_datetime` datetime NOT NULL DEFAULT current_timestamp(),
  `value` varchar(50) DEFAULT NULL,
  `comment` varchar(200) DEFAULT NULL,
  `deviceid` int(11) DEFAULT NULL,
  `actionid` int(11) NOT NULL,
  PRIMARY KEY (`historyid`),
  KEY `fk_history_device_idx` (`deviceid`),
  KEY `fk_history_action1_idx` (`actionid`)
) ENGINE=InnoDB AUTO_INCREMENT=3483 DEFAULT CHARSET=utf8;
/*!40101 SET character_set_client = @saved_cs_client */;

--
-- Dumping data for table `history`
--

LOCK TABLES `history` WRITE;
/*!40000 ALTER TABLE `history` DISABLE KEYS */;
INSERT INTO `history` VALUES (1,'2022-05-29 18:10:19','3',NULL,4,10),(2,'2022-05-29 18:10:19','13',NULL,3,9),(44,'2022-06-09 15:22:33',NULL,NULL,NULL,28),(45,'2022-06-09 15:22:33','1',NULL,2,22),(46,'2022-06-09 15:22:33','1',NULL,2,2),(47,'2022-06-09 15:22:38',NULL,NULL,7,29),(48,'2022-06-09 15:23:34','0.15','last weight',4,10),(49,'2022-06-09 15:23:34','27',NULL,3,9),(50,'2022-06-09 15:23:34',NULL,NULL,7,11),(51,'2022-06-09 15:24:35','0.0',NULL,4,10),(52,'2022-06-09 15:24:35','28',NULL,3,9),(53,'2022-06-09 15:24:35',NULL,NULL,7,11),(54,'2022-06-09 15:25:36','26',NULL,3,9),(55,'2022-06-09 15:25:36',NULL,NULL,7,11),(56,'2022-06-09 15:26:37','28',NULL,3,9),(57,'2022-06-09 15:26:37',NULL,NULL,7,11),(58,'2022-06-09 15:37:37',NULL,NULL,NULL,17),(59,'2022-06-10 22:19:33',NULL,NULL,NULL,28),(60,'2022-06-10 22:19:33','1',NULL,2,22),(61,'2022-06-10 22:19:33','1',NULL,2,1),(62,'2022-06-10 22:19:38',NULL,NULL,7,29),(63,'2022-06-10 22:20:19','1',NULL,8,5),(64,'2022-06-10 22:20:21',NULL,NULL,5,12),(65,'2022-06-10 22:20:21',NULL,NULL,5,6),(66,'2022-06-10 22:20:29',NULL,NULL,5,13),(67,'2022-06-10 22:20:43','1',NULL,8,5),(68,'2022-06-10 22:20:45',NULL,NULL,5,12),(69,'2022-06-10 22:20:45',NULL,NULL,5,6),(70,'2022-06-10 22:20:53',NULL,NULL,5,13),(71,'2022-06-10 22:20:54','1',NULL,8,5),(72,'2022-06-10 22:20:54','1',NULL,8,5),(73,'2022-06-10 22:20:55',NULL,NULL,5,12),(74,'2022-06-10 22:20:55',NULL,NULL,5,6),(75,'2022-06-10 22:20:55','1',NULL,8,5),(76,'2022-06-10 22:21:04',NULL,NULL,5,13),(77,'2022-06-10 22:21:09','1',NULL,8,5),(78,'2022-06-10 22:21:10',NULL,NULL,5,12),(79,'2022-06-10 22:21:10',NULL,NULL,5,6),(80,'2022-06-10 22:21:19',NULL,NULL,5,13),(81,'2022-06-10 22:21:20',NULL,NULL,1,3),(82,'2022-06-10 22:21:31',NULL,NULL,1,4),(83,'2022-06-10 22:21:43',NULL,NULL,1,3),(84,'2022-06-10 22:21:48',NULL,NULL,1,4),(85,'2022-06-10 22:22:10',NULL,NULL,1,3),(86,'2022-06-10 22:22:13',NULL,NULL,1,4),(87,'2022-06-10 22:22:17',NULL,NULL,1,3),(88,'2022-06-10 22:22:20',NULL,NULL,1,4),(89,'2022-06-10 22:22:25',NULL,NULL,1,3),(90,'2022-06-10 22:22:30',NULL,NULL,1,4),(91,'2022-06-10 22:22:43',NULL,NULL,1,3),(92,'2022-06-10 22:22:47',NULL,NULL,1,4),(93,'2022-06-10 22:24:38',NULL,NULL,NULL,28),(94,'2022-06-10 22:24:38','1',NULL,2,22),(95,'2022-06-10 22:24:38','1',NULL,2,1),(96,'2022-06-10 22:24:43',NULL,NULL,7,29),(97,'2022-06-10 22:25:22',NULL,NULL,1,3),(98,'2022-06-10 22:25:26',NULL,NULL,1,4),(99,'2022-06-10 22:25:46',NULL,NULL,NULL,28),(100,'2022-06-10 22:25:46','1',NULL,2,22),(101,'2022-06-10 22:25:46','1',NULL,2,1),(102,'2022-06-10 22:25:51',NULL,NULL,7,29),(103,'2022-06-10 22:25:57',NULL,NULL,1,3),(104,'2022-06-10 22:26:00',NULL,NULL,1,4),(105,'2022-06-10 22:26:37',NULL,NULL,NULL,28),(106,'2022-06-10 22:26:37','1',NULL,2,22),(107,'2022-06-10 22:26:37','1',NULL,2,1),(108,'2022-06-10 22:26:42',NULL,NULL,7,29),(109,'2022-06-10 22:26:45',NULL,NULL,1,3),(110,'2022-06-10 22:26:47',NULL,NULL,1,4),(111,'2022-06-10 22:26:57',NULL,NULL,1,21),(112,'2022-06-10 22:26:57','1',NULL,2,20),(113,'2022-06-10 22:27:06','1',NULL,2,22),(114,'2022-06-10 22:27:08','1',NULL,2,20),(115,'2022-06-10 22:28:12','1',NULL,2,22),(116,'2022-06-10 22:28:15','1',NULL,2,20),(117,'2022-06-10 22:29:09',NULL,NULL,NULL,28),(118,'2022-06-10 22:29:10',NULL,NULL,1,21),(119,'2022-06-10 22:29:10','1',NULL,2,20),(120,'2022-06-10 22:29:10','1',NULL,2,1),(121,'2022-06-10 22:29:14',NULL,NULL,7,29),(122,'2022-06-10 22:29:28','1045687370835',NULL,6,23),(123,'2022-06-10 22:29:28',NULL,NULL,9,24),(124,'2022-06-10 22:29:29',NULL,NULL,1,19),(125,'2022-06-10 22:29:29','1',NULL,2,22),(126,'2022-06-10 22:29:41','1',NULL,2,20),(127,'2022-06-10 22:29:41','1',NULL,2,22),(128,'2022-06-10 22:29:42','1',NULL,2,20),(129,'2022-06-10 22:29:43','1',NULL,2,22),(130,'2022-06-10 22:29:45',NULL,NULL,1,21),(131,'2022-06-10 22:29:45','1',NULL,2,20),(132,'2022-06-10 22:29:56','1082352421516',NULL,6,23),(133,'2022-06-10 22:29:56',NULL,NULL,9,24),(134,'2022-06-10 22:29:57',NULL,NULL,1,19),(135,'2022-06-10 22:29:57','1',NULL,2,22),(136,'2022-06-10 22:30:03','1',NULL,2,20),(137,'2022-06-10 22:30:03','1',NULL,2,22),(138,'2022-06-10 22:30:17',NULL,NULL,1,21),(139,'2022-06-10 22:30:17','1',NULL,2,20),(140,'2022-06-10 22:30:24','1082352421516',NULL,6,23),(141,'2022-06-10 22:30:24',NULL,NULL,9,24),(142,'2022-06-10 22:30:24',NULL,NULL,1,19),(143,'2022-06-10 22:30:25','1',NULL,2,22),(144,'2022-06-10 22:30:42',NULL,NULL,1,21),(145,'2022-06-10 22:30:42','1',NULL,2,20),(146,'2022-06-10 22:30:45','1082352421516',NULL,6,23),(147,'2022-06-10 22:30:45',NULL,NULL,9,24),(148,'2022-06-10 22:30:46',NULL,NULL,1,19),(149,'2022-06-10 22:30:46','1',NULL,2,22),(150,'2022-06-10 22:30:48','1',NULL,2,20),(151,'2022-06-10 22:31:02',NULL,NULL,1,21),(152,'2022-06-10 22:31:17','1082352421516',NULL,6,23),(153,'2022-06-10 22:31:17',NULL,NULL,9,24),(154,'2022-06-10 22:31:17',NULL,NULL,1,19),(155,'2022-06-10 22:31:18','1',NULL,2,22),(156,'2022-06-10 22:31:54',NULL,NULL,NULL,17),(157,'2022-06-10 22:33:13','12',NULL,3,9),(158,'2022-06-10 22:33:14',NULL,NULL,7,11),(159,'2022-06-10 22:33:58',NULL,NULL,NULL,28),(160,'2022-06-10 22:33:58','1',NULL,2,22),(161,'2022-06-10 22:33:58','1',NULL,2,1),(162,'2022-06-10 22:33:58','28',NULL,3,9),(163,'2022-06-10 22:33:58',NULL,NULL,7,11),(164,'2022-06-10 22:34:03',NULL,NULL,7,29),(165,'2022-06-10 22:34:12',NULL,NULL,1,3),(166,'2022-06-10 22:34:17',NULL,NULL,1,4),(167,'2022-06-10 22:34:35',NULL,NULL,1,21),(168,'2022-06-10 22:34:35','1',NULL,2,20),(169,'2022-06-10 22:34:40','1082352421516',NULL,6,23),(170,'2022-06-10 22:34:40',NULL,NULL,9,24),(171,'2022-06-10 22:34:40',NULL,NULL,1,19),(172,'2022-06-10 22:34:40','1',NULL,2,22),(173,'2022-06-10 22:36:48',NULL,NULL,NULL,28),(174,'2022-06-10 22:36:48','1',NULL,2,22),(175,'2022-06-10 22:36:48','1',NULL,2,1),(176,'2022-06-10 22:36:53',NULL,NULL,7,29),(177,'2022-06-10 22:38:34',NULL,NULL,1,3),(178,'2022-06-10 22:38:36',NULL,NULL,1,4),(179,'2022-06-10 22:38:39',NULL,NULL,1,3),(180,'2022-06-10 22:38:40',NULL,NULL,1,4),(181,'2022-06-10 22:38:49','0.15','last weight',4,10),(182,'2022-06-10 22:38:49','27',NULL,3,9),(183,'2022-06-10 22:38:49',NULL,NULL,7,11),(184,'2022-06-10 22:40:51','0.0',NULL,4,10),(185,'2022-06-10 22:40:51','28',NULL,3,9),(186,'2022-06-10 22:40:51',NULL,NULL,7,11),(187,'2022-06-10 22:45:38',NULL,NULL,NULL,28),(188,'2022-06-10 22:45:38','1',NULL,2,22),(189,'2022-06-10 22:45:39','1',NULL,2,1),(190,'2022-06-10 22:45:44',NULL,NULL,7,29),(191,'2022-06-10 22:46:16',NULL,NULL,1,21),(192,'2022-06-10 22:46:16','1',NULL,2,20),(193,'2022-06-10 22:46:21','1082352421516',NULL,6,23),(194,'2022-06-10 22:46:21',NULL,NULL,9,24),(195,'2022-06-10 22:46:21',NULL,NULL,1,19),(196,'2022-06-10 22:46:22','1',NULL,2,22),(197,'2022-06-10 22:47:08',NULL,NULL,1,3),(198,'2022-06-10 22:47:09',NULL,NULL,1,4),(199,'2022-06-10 22:48:17','1',NULL,2,2),(200,'2022-06-10 22:48:22','1',NULL,2,1),(201,'2022-06-10 22:51:46',NULL,NULL,NULL,28),(202,'2022-06-10 22:51:46','1',NULL,2,22),(203,'2022-06-10 22:51:47','1',NULL,2,1),(204,'2022-06-10 22:51:52',NULL,NULL,7,29),(205,'2022-06-10 22:51:56','1',NULL,2,2),(206,'2022-06-10 22:52:03','1',NULL,2,1),(207,'2022-06-10 22:52:05','1',NULL,2,2),(208,'2022-06-10 22:52:10','1',NULL,2,1),(209,'2022-06-10 22:52:11','1',NULL,2,2),(210,'2022-06-10 22:52:12','1',NULL,2,1),(211,'2022-06-10 22:52:39','1',NULL,2,2),(212,'2022-06-10 22:52:40','1',NULL,2,1),(213,'2022-06-10 22:52:44',NULL,NULL,NULL,17),(214,'2022-06-10 22:52:48','0.16','last weight',4,10),(215,'2022-06-10 22:52:48','27',NULL,3,9),(216,'2022-06-10 22:52:48',NULL,NULL,7,11),(217,'2022-06-10 22:52:52','1',NULL,2,2),(218,'2022-06-10 22:52:54','1',NULL,2,1),(219,'2022-06-10 22:53:09','1',NULL,2,2),(220,'2022-06-10 22:53:10','1',NULL,2,1),(221,'2022-06-10 22:53:49','0.0',NULL,4,10),(222,'2022-06-10 22:53:49','28',NULL,3,9),(223,'2022-06-10 22:53:49',NULL,NULL,7,11),(224,'2022-06-10 22:56:35','1',NULL,2,2),(225,'2022-06-10 22:56:36','1',NULL,2,1),(226,'2022-06-10 22:58:53','0.16','last weight',4,10),(227,'2022-06-10 22:58:53','27',NULL,3,9),(228,'2022-06-10 22:58:53',NULL,NULL,7,11),(229,'2022-06-10 22:59:53','0.0',NULL,4,10),(230,'2022-06-10 22:59:54','28',NULL,3,9),(231,'2022-06-10 22:59:54',NULL,NULL,7,11),(232,'2022-06-10 23:00:34',NULL,NULL,NULL,28),(233,'2022-06-10 23:00:34','1',NULL,2,22),(234,'2022-06-10 23:00:35','1',NULL,2,1),(235,'2022-06-10 23:00:40',NULL,NULL,7,29),(236,'2022-06-10 23:00:46','1',NULL,2,2),(237,'2022-06-10 23:00:47','1',NULL,2,1),(238,'2022-06-10 23:02:36','0.14','last weight',4,10),(239,'2022-06-10 23:03:17',NULL,NULL,1,3),(240,'2022-06-10 23:03:18',NULL,NULL,1,4),(241,'2022-06-10 23:03:36','0.0',NULL,4,10),(242,'2022-06-10 23:03:37','18',NULL,3,9),(243,'2022-06-10 23:03:37',NULL,NULL,7,11),(244,'2022-06-10 23:07:37',NULL,NULL,NULL,28),(245,'2022-06-10 23:07:37','1',NULL,2,22),(246,'2022-06-10 23:07:38','1',NULL,2,1),(247,'2022-06-10 23:07:38','28',NULL,3,9),(248,'2022-06-10 23:07:38',NULL,NULL,7,11),(249,'2022-06-10 23:07:43',NULL,NULL,7,29),(250,'2022-06-10 23:07:54','1',NULL,2,2),(251,'2022-06-10 23:07:55','1',NULL,2,1),(252,'2022-06-10 23:08:13','1',NULL,2,2),(253,'2022-06-10 23:08:16','1',NULL,2,1),(254,'2022-06-10 23:08:18','1',NULL,2,2),(255,'2022-06-10 23:08:19','1',NULL,2,1),(256,'2022-06-10 23:09:22','1',NULL,2,2),(257,'2022-06-10 23:09:23','1',NULL,2,1),(258,'2022-06-10 23:09:31','1',NULL,2,2),(259,'2022-06-10 23:09:32','1',NULL,2,1),(260,'2022-06-10 23:09:40','22',NULL,3,9),(261,'2022-06-10 23:09:40',NULL,NULL,7,11),(262,'2022-06-10 23:09:57','1',NULL,2,2),(263,'2022-06-10 23:09:58','1',NULL,2,1),(264,'2022-06-10 23:10:09','1',NULL,2,2),(265,'2022-06-10 23:10:10','1',NULL,2,1),(266,'2022-06-10 23:10:23','1',NULL,2,2),(267,'2022-06-10 23:10:24','1',NULL,2,1),(268,'2022-06-10 23:10:40','28',NULL,3,9),(269,'2022-06-10 23:10:40',NULL,NULL,7,11),(270,'2022-06-10 23:11:01','1',NULL,2,2),(271,'2022-06-10 23:11:02','1',NULL,2,1),(272,'2022-06-10 23:11:18','1',NULL,2,2),(273,'2022-06-10 23:11:19','1',NULL,2,1),(274,'2022-06-10 23:12:08',NULL,NULL,NULL,28),(275,'2022-06-10 23:12:08','1',NULL,2,22),(276,'2022-06-10 23:12:08','1',NULL,2,1),(277,'2022-06-10 23:12:13',NULL,NULL,7,29),(278,'2022-06-10 23:12:51','1',NULL,2,2),(279,'2022-06-10 23:12:52','1',NULL,2,1),(280,'2022-06-10 23:13:07','1',NULL,2,2),(281,'2022-06-10 23:13:08','1',NULL,2,1),(282,'2022-06-10 23:13:09','0.15','last weight',4,10),(283,'2022-06-10 23:13:09','27',NULL,3,9),(284,'2022-06-10 23:13:09',NULL,NULL,7,11),(285,'2022-06-10 23:28:19',NULL,NULL,NULL,28),(286,'2022-06-10 23:28:19','1',NULL,2,22),(287,'2022-06-10 23:28:20','1',NULL,2,1),(288,'2022-06-10 23:28:20','0.0',NULL,4,10),(289,'2022-06-10 23:28:20','28',NULL,3,9),(290,'2022-06-10 23:28:20',NULL,NULL,7,11),(291,'2022-06-10 23:28:25',NULL,NULL,7,29),(292,'2022-06-10 23:30:08','1',NULL,2,2),(293,'2022-06-10 23:30:09','1',NULL,2,1),(294,'2022-06-10 23:30:36','1',NULL,2,2),(295,'2022-06-10 23:30:37','1',NULL,2,1),(296,'2022-06-11 12:16:20',NULL,NULL,NULL,28),(297,'2022-06-11 12:16:21',NULL,NULL,1,21),(298,'2022-06-11 12:16:21','1',NULL,2,20),(299,'2022-06-11 12:16:21','1',NULL,2,1),(300,'2022-06-11 12:16:26',NULL,NULL,7,29),(301,'2022-06-11 12:16:56','1',NULL,2,22),(302,'2022-06-11 12:16:57','1',NULL,2,20),(303,'2022-06-11 12:16:59','1',NULL,2,22),(304,'2022-06-11 12:16:59','1',NULL,2,20),(305,'2022-06-11 12:17:03','1',NULL,2,2),(306,'2022-06-11 12:17:06','1',NULL,2,1),(307,'2022-06-11 12:17:10','1',NULL,2,22),(308,'2022-06-11 12:17:18',NULL,NULL,1,3),(309,'2022-06-11 12:17:20',NULL,NULL,1,4),(310,'2022-06-11 12:17:22','1',NULL,2,20),(311,'2022-06-11 12:17:27','1',NULL,2,22),(312,'2022-06-11 12:17:29','1',NULL,2,20),(313,'2022-06-11 12:17:30','1',NULL,2,22),(314,'2022-06-11 12:17:30','1',NULL,2,20),(315,'2022-06-11 12:17:40',NULL,NULL,NULL,28),(316,'2022-06-11 12:17:41',NULL,NULL,1,21),(317,'2022-06-11 12:17:41','1',NULL,2,20),(318,'2022-06-11 12:17:41','26',NULL,3,9),(319,'2022-06-11 12:17:41',NULL,NULL,7,11),(320,'2022-06-11 12:17:41','1',NULL,2,1),(321,'2022-06-11 12:17:45',NULL,NULL,7,29),(322,'2022-06-11 12:18:42','28',NULL,3,9),(323,'2022-06-11 12:18:42',NULL,NULL,7,11),(324,'2022-06-11 12:20:08','1',NULL,2,2),(325,'2022-06-11 12:20:09','1',NULL,2,1),(326,'2022-06-11 12:22:25','1',NULL,2,2),(327,'2022-06-11 12:22:31','1',NULL,2,1),(328,'2022-06-11 12:22:45','0.17','last weight',4,10),(329,'2022-06-11 12:22:45','26',NULL,3,9),(330,'2022-06-11 12:22:46',NULL,NULL,7,11),(331,'2022-06-11 12:23:03','1045687370835',NULL,6,23),(332,'2022-06-11 12:23:03',NULL,NULL,9,24),(333,'2022-06-11 12:23:04',NULL,NULL,1,19),(334,'2022-06-11 12:23:04','1',NULL,2,22),(335,'2022-06-11 12:23:08','1',NULL,2,20),(336,'2022-06-11 12:23:19',NULL,NULL,1,21),(337,'2022-06-11 12:23:46','0.0',NULL,4,10),(338,'2022-06-11 12:23:47','28',NULL,3,9),(339,'2022-06-11 12:23:47',NULL,NULL,7,11),(340,'2022-06-11 12:24:15','1',NULL,2,2),(341,'2022-06-11 12:24:16','1',NULL,2,1),(342,'2022-06-11 12:31:05','1',NULL,2,2),(343,'2022-06-11 12:31:06','1',NULL,2,1),(344,'2022-06-11 12:33:36','1',NULL,2,2),(345,'2022-06-11 12:33:37','1',NULL,2,1),(346,'2022-06-11 12:40:35',NULL,NULL,NULL,17),(347,'2022-06-11 12:46:07','1',NULL,2,2),(348,'2022-06-11 12:46:08','1',NULL,2,1),(349,'2022-06-11 12:48:44',NULL,NULL,NULL,17),(350,'2022-06-11 12:54:03','1',NULL,2,2),(351,'2022-06-11 12:54:05','1',NULL,2,1),(352,'2022-06-11 13:02:19','1',NULL,2,2),(353,'2022-06-11 13:02:20','1',NULL,2,1),(354,'2022-06-11 13:12:54','1',NULL,2,2),(355,'2022-06-11 13:12:55','1',NULL,2,1),(356,'2022-06-11 13:26:07','1',NULL,2,2),(357,'2022-06-11 13:26:09','1',NULL,2,1),(358,'2022-06-11 13:29:49',NULL,NULL,NULL,17),(359,'2022-06-11 14:06:23','1',NULL,2,2),(360,'2022-06-11 14:06:24','1',NULL,2,1),(361,'2022-06-11 14:15:44',NULL,NULL,NULL,17),(362,'2022-06-11 14:32:24',NULL,NULL,NULL,26),(363,'2022-06-11 14:32:25',NULL,NULL,1,19),(364,'2022-06-11 14:32:26','1',NULL,2,22),(365,'2022-06-11 14:32:27','1',NULL,2,20),(366,'2022-06-11 14:32:27','1',NULL,2,22),(367,'2022-06-11 14:32:28','1',NULL,2,20),(368,'2022-06-11 14:37:17',NULL,NULL,NULL,17),(369,'2022-06-11 14:37:38','1045687370835',NULL,6,23),(370,'2022-06-11 14:37:38',NULL,NULL,9,24),(371,'2022-06-11 14:37:45',NULL,NULL,NULL,14),(372,'2022-06-11 14:40:24',NULL,NULL,NULL,28),(373,'2022-06-11 14:40:24',NULL,NULL,1,21),(374,'2022-06-11 14:40:24','1',NULL,2,20),(375,'2022-06-11 14:40:25','1',NULL,2,1),(376,'2022-06-11 14:40:29',NULL,NULL,7,29),(377,'2022-06-11 14:40:58','1',NULL,2,2),(378,'2022-06-11 14:41:00','1',NULL,2,1),(379,'2022-06-11 14:41:02','1',NULL,2,2),(380,'2022-06-11 14:41:03','1',NULL,2,1),(381,'2022-06-11 14:42:26','19',NULL,3,9),(382,'2022-06-11 14:42:26',NULL,NULL,7,11),(383,'2022-06-11 14:42:32','1',NULL,2,2),(384,'2022-06-11 14:42:33','1',NULL,2,1),(385,'2022-06-11 14:42:50','1',NULL,2,2),(386,'2022-06-11 14:42:51','1',NULL,2,1),(387,'2022-06-11 14:42:58','1',NULL,2,2),(388,'2022-06-11 14:42:59','1',NULL,2,1),(389,'2022-06-11 14:43:27','28',NULL,3,9),(390,'2022-06-11 14:43:27',NULL,NULL,7,11),(391,'2022-06-11 14:43:41','1',NULL,2,2),(392,'2022-06-11 14:43:42','1',NULL,2,1),(393,'2022-06-11 14:44:27','20',NULL,3,9),(394,'2022-06-11 14:44:27',NULL,NULL,7,11),(395,'2022-06-11 14:45:20','1',NULL,2,2),(396,'2022-06-11 14:45:21','1',NULL,2,1),(397,'2022-06-11 14:45:28','24',NULL,3,9),(398,'2022-06-11 14:45:28',NULL,NULL,7,11),(399,'2022-06-11 14:45:51','1',NULL,2,2),(400,'2022-06-11 14:45:52','1',NULL,2,1),(401,'2022-06-11 14:46:26','1',NULL,2,2),(402,'2022-06-11 14:46:27','1',NULL,2,1),(403,'2022-06-11 14:46:28','28',NULL,3,9),(404,'2022-06-11 14:46:28',NULL,NULL,7,11),(405,'2022-06-11 14:46:45','1',NULL,2,2),(406,'2022-06-11 14:46:46','1',NULL,2,1),(407,'2022-06-11 14:48:47','1',NULL,2,2),(408,'2022-06-11 14:48:48','1',NULL,2,1),(409,'2022-06-11 14:49:30','20',NULL,3,9),(410,'2022-06-11 14:49:30',NULL,NULL,7,11),(411,'2022-06-11 14:50:30','24',NULL,3,9),(412,'2022-06-11 14:50:30',NULL,NULL,7,11),(413,'2022-06-11 14:50:40','1',NULL,2,2),(414,'2022-06-11 14:50:41','1',NULL,2,1),(415,'2022-06-11 14:50:55',NULL,NULL,1,3),(416,'2022-06-11 14:51:00','1',NULL,2,2),(417,'2022-06-11 14:51:02','1',NULL,2,1),(418,'2022-06-11 14:51:04','1',NULL,2,2),(419,'2022-06-11 14:51:05','1',NULL,2,1),(420,'2022-06-11 14:51:08','1082352421516',NULL,6,23),(421,'2022-06-11 14:51:08',NULL,NULL,9,24),(422,'2022-06-11 14:51:09',NULL,NULL,1,19),(423,'2022-06-11 14:51:09','1',NULL,2,22),(424,'2022-06-11 14:51:18','1',NULL,2,2),(425,'2022-06-11 14:51:19','1',NULL,2,1),(426,'2022-06-11 14:51:31','28',NULL,3,9),(427,'2022-06-11 14:51:32',NULL,NULL,7,11),(428,'2022-06-11 14:51:42',NULL,NULL,NULL,28),(429,'2022-06-11 14:51:42','1',NULL,2,22),(430,'2022-06-11 14:51:42','1',NULL,2,1),(431,'2022-06-11 14:51:47',NULL,NULL,7,29),(432,'2022-06-11 14:51:59',NULL,NULL,1,3),(433,'2022-06-11 14:52:01',NULL,NULL,1,4),(434,'2022-06-11 14:52:06',NULL,NULL,1,21),(435,'2022-06-11 14:52:06','1',NULL,2,20),(436,'2022-06-11 14:53:44','24',NULL,3,9),(437,'2022-06-11 14:53:44',NULL,NULL,7,11),(438,'2022-06-11 14:54:44','28',NULL,3,9),(439,'2022-06-11 14:54:44',NULL,NULL,7,11),(440,'2022-06-11 14:57:28',NULL,NULL,NULL,28),(441,'2022-06-11 14:57:28',NULL,NULL,1,21),(442,'2022-06-11 14:57:28','1',NULL,2,20),(443,'2022-06-11 14:57:29','1',NULL,2,1),(444,'2022-06-11 14:57:29','26',NULL,3,9),(445,'2022-06-11 14:57:29',NULL,NULL,7,11),(446,'2022-06-11 14:57:32','1',NULL,2,2),(447,'2022-06-11 14:57:33','1',NULL,2,1),(448,'2022-06-11 14:57:33',NULL,NULL,7,29),(449,'2022-06-11 14:57:35','1082352421516',NULL,6,23),(450,'2022-06-11 14:57:35',NULL,NULL,9,24),(451,'2022-06-11 14:57:36',NULL,NULL,1,19),(452,'2022-06-11 14:57:36','1',NULL,2,22),(453,'2022-06-11 14:57:37','1',NULL,2,2),(454,'2022-06-11 14:57:38','1',NULL,2,1),(455,'2022-06-11 14:57:42',NULL,NULL,1,3),(456,'2022-06-11 14:57:46',NULL,NULL,1,4),(457,'2022-06-11 14:58:14',NULL,NULL,1,21),(458,'2022-06-11 14:58:14','1',NULL,2,20),(459,'2022-06-11 14:58:21','1',NULL,2,2),(460,'2022-06-11 14:58:22','1',NULL,2,1),(461,'2022-06-11 15:01:09',NULL,NULL,NULL,28),(462,'2022-06-11 15:01:10','28',NULL,3,9),(463,'2022-06-11 15:01:10',NULL,NULL,7,11),(464,'2022-06-11 15:01:10',NULL,NULL,1,21),(465,'2022-06-11 15:01:10','1',NULL,2,20),(466,'2022-06-11 15:01:10','1',NULL,2,1),(467,'2022-06-11 15:01:11','1082352421516',NULL,6,23),(468,'2022-06-11 15:01:11',NULL,NULL,9,24),(469,'2022-06-11 15:01:12',NULL,NULL,1,19),(470,'2022-06-11 15:01:12','1',NULL,2,22),(471,'2022-06-11 15:01:14',NULL,NULL,7,29),(472,'2022-06-11 15:01:26','1',NULL,2,2),(473,'2022-06-11 15:01:26',NULL,NULL,1,3),(474,'2022-06-11 15:01:27','1',NULL,2,1),(475,'2022-06-11 15:01:31',NULL,NULL,1,4),(476,'2022-06-11 15:01:33',NULL,NULL,1,3),(477,'2022-06-11 15:01:44',NULL,NULL,1,4),(478,'2022-06-11 15:01:59',NULL,NULL,NULL,28),(479,'2022-06-11 15:01:59','1',NULL,2,22),(480,'2022-06-11 15:01:59','1',NULL,2,1),(481,'2022-06-11 15:02:04',NULL,NULL,7,29),(482,'2022-06-11 15:02:07',NULL,NULL,1,3),(483,'2022-06-11 15:02:08',NULL,NULL,1,4),(484,'2022-06-11 15:02:09',NULL,NULL,1,3),(485,'2022-06-11 15:02:10',NULL,NULL,1,4),(486,'2022-06-11 15:02:13',NULL,NULL,1,3),(487,'2022-06-11 15:02:21',NULL,NULL,1,4),(488,'2022-06-11 15:02:44',NULL,NULL,NULL,28),(489,'2022-06-11 15:02:45','1',NULL,2,22),(490,'2022-06-11 15:02:45','1',NULL,2,1),(491,'2022-06-11 15:02:50',NULL,NULL,7,29),(492,'2022-06-11 15:02:58',NULL,NULL,1,3),(493,'2022-06-11 15:03:03',NULL,NULL,1,4),(494,'2022-06-11 15:09:14',NULL,NULL,NULL,28),(495,'2022-06-11 15:09:14','1',NULL,2,22),(496,'2022-06-11 15:09:14','1',NULL,2,1),(497,'2022-06-11 15:09:19',NULL,NULL,7,29),(498,'2022-06-11 15:09:20',NULL,NULL,NULL,17),(499,'2022-06-11 15:09:27',NULL,NULL,1,3),(500,'2022-06-11 15:09:30',NULL,NULL,1,4),(501,'2022-06-11 15:09:37',NULL,NULL,1,3),(502,'2022-06-11 15:09:38',NULL,NULL,1,4),(503,'2022-06-11 15:09:39',NULL,NULL,1,3),(504,'2022-06-11 15:09:42',NULL,NULL,1,4),(505,'2022-06-11 15:09:53',NULL,NULL,NULL,17),(506,'2022-06-11 15:10:01',NULL,NULL,1,3),(507,'2022-06-11 15:10:03',NULL,NULL,1,4),(508,'2022-06-11 15:10:15','0.25','last weight',4,10),(509,'2022-06-11 15:10:15','26',NULL,3,9),(510,'2022-06-11 15:10:15',NULL,NULL,7,11),(511,'2022-06-11 15:12:13',NULL,NULL,NULL,28),(512,'2022-06-11 15:12:13','1',NULL,2,22),(513,'2022-06-11 15:12:13','1',NULL,2,1),(514,'2022-06-11 15:12:14','0.0',NULL,4,10),(515,'2022-06-11 15:12:14','28',NULL,3,9),(516,'2022-06-11 15:12:14',NULL,NULL,7,11),(517,'2022-06-11 15:12:18',NULL,NULL,7,29),(518,'2022-06-11 15:12:21',NULL,NULL,1,21),(519,'2022-06-11 15:12:21','1',NULL,2,20),(520,'2022-06-11 15:12:24','1',NULL,8,5),(521,'2022-06-11 15:12:25',NULL,NULL,5,12),(522,'2022-06-11 15:12:25',NULL,NULL,5,6),(523,'2022-06-11 15:12:30','1',NULL,8,7),(524,'2022-06-11 15:12:34',NULL,NULL,5,13),(525,'2022-06-11 15:12:36',NULL,NULL,7,30),(526,'2022-06-11 15:12:36',NULL,NULL,10,8),(527,'2022-06-11 15:15:11',NULL,NULL,NULL,28),(528,'2022-06-11 15:15:11',NULL,NULL,1,21),(529,'2022-06-11 15:15:11','1',NULL,2,20),(530,'2022-06-11 15:15:11','1',NULL,2,1),(531,'2022-06-11 15:15:13','1',NULL,2,2),(532,'2022-06-11 15:15:16',NULL,NULL,7,29),(533,'2022-06-11 15:15:24','1082352421516',NULL,6,23),(534,'2022-06-11 15:15:24',NULL,NULL,9,24),(535,'2022-06-11 15:15:24',NULL,NULL,1,19),(536,'2022-06-11 15:15:24','1',NULL,2,22),(537,'2022-06-11 15:15:27','1',NULL,2,1),(538,'2022-06-11 15:15:28','1',NULL,2,2),(539,'2022-06-11 15:15:29',NULL,NULL,1,3),(540,'2022-06-11 15:15:29','1',NULL,2,1),(541,'2022-06-11 15:15:30',NULL,NULL,1,4),(542,'2022-06-11 15:15:31',NULL,NULL,1,3),(543,'2022-06-11 15:15:32',NULL,NULL,1,4),(544,'2022-06-11 15:16:41',NULL,NULL,NULL,28),(545,'2022-06-11 15:16:41','27',NULL,3,9),(546,'2022-06-11 15:16:41',NULL,NULL,7,11),(547,'2022-06-11 15:16:41',NULL,NULL,1,21),(548,'2022-06-11 15:16:41','1',NULL,2,20),(549,'2022-06-11 15:16:42','1',NULL,2,1),(550,'2022-06-11 15:16:43','1',NULL,2,2),(551,'2022-06-11 15:16:46','1',NULL,2,1),(552,'2022-06-11 15:16:46',NULL,NULL,7,29),(553,'2022-06-11 15:16:48','1',NULL,2,2),(554,'2022-06-11 15:16:49','1',NULL,2,1),(555,'2022-06-11 15:16:53','1',NULL,8,5),(556,'2022-06-11 15:16:54',NULL,NULL,5,12),(557,'2022-06-11 15:16:54',NULL,NULL,5,6),(558,'2022-06-11 15:17:03',NULL,NULL,5,13),(559,'2022-06-11 15:17:42','28',NULL,3,9),(560,'2022-06-11 15:17:42',NULL,NULL,7,11),(561,'2022-06-11 15:18:21',NULL,NULL,NULL,28),(562,'2022-06-11 15:18:22',NULL,NULL,1,21),(563,'2022-06-11 15:18:22','1',NULL,2,20),(564,'2022-06-11 15:18:22','1',NULL,2,1),(565,'2022-06-11 15:18:24','1',NULL,2,2),(566,'2022-06-11 15:18:27',NULL,NULL,7,29),(567,'2022-06-11 15:18:27','1',NULL,2,1),(568,'2022-06-11 15:18:31','1082352421516',NULL,6,23),(569,'2022-06-11 15:18:31',NULL,NULL,9,24),(570,'2022-06-11 15:18:32',NULL,NULL,1,19),(571,'2022-06-11 15:18:32','1',NULL,2,22),(572,'2022-06-11 15:18:47',NULL,NULL,NULL,28),(573,'2022-06-11 15:18:47','1',NULL,2,22),(574,'2022-06-11 15:18:48','1',NULL,2,1),(575,'2022-06-11 15:18:55',NULL,NULL,NULL,28),(576,'2022-06-11 15:18:55','1',NULL,2,22),(577,'2022-06-11 15:18:55','1',NULL,2,1),(578,'2022-06-11 15:19:00',NULL,NULL,7,29),(579,'2022-06-11 15:19:38',NULL,NULL,NULL,28),(580,'2022-06-11 15:19:38','1',NULL,2,22),(581,'2022-06-11 15:19:39','1',NULL,2,1),(582,'2022-06-11 15:19:44',NULL,NULL,7,29),(583,'2022-06-11 15:19:47',NULL,NULL,NULL,28),(584,'2022-06-11 15:19:47','1',NULL,2,22),(585,'2022-06-11 15:19:47','1',NULL,2,1),(586,'2022-06-11 15:19:52',NULL,NULL,7,29),(587,'2022-06-11 15:19:54',NULL,NULL,1,3),(588,'2022-06-11 15:19:55',NULL,NULL,1,4),(589,'2022-06-11 15:19:56',NULL,NULL,1,3),(590,'2022-06-11 15:19:57',NULL,NULL,1,4),(591,'2022-06-11 15:19:59',NULL,NULL,1,3),(592,'2022-06-11 15:20:00',NULL,NULL,1,4),(593,'2022-06-11 15:20:06','1082352421516',NULL,6,23),(594,'2022-06-11 15:20:06',NULL,NULL,9,24),(595,'2022-06-11 15:20:16','1082352421516',NULL,6,23),(596,'2022-06-11 15:20:16',NULL,NULL,9,24),(597,'2022-06-11 15:20:20',NULL,NULL,1,21),(598,'2022-06-11 15:20:20','1',NULL,2,20),(599,'2022-06-11 15:20:37',NULL,NULL,NULL,17),(600,'2022-06-11 15:20:48','1',NULL,8,7),(601,'2022-06-11 15:20:54',NULL,NULL,7,30),(602,'2022-06-11 15:20:54',NULL,NULL,10,8),(603,'2022-06-11 16:30:52',NULL,NULL,NULL,28),(604,'2022-06-11 16:30:53',NULL,NULL,1,21),(605,'2022-06-11 16:30:53','1',NULL,2,20),(606,'2022-06-11 16:30:53','1',NULL,2,1),(607,'2022-06-11 16:30:55','1',NULL,2,2),(608,'2022-06-11 16:30:57',NULL,NULL,7,29),(609,'2022-06-11 16:30:58','1',NULL,2,1),(610,'2022-06-11 16:31:00','1',NULL,8,5),(611,'2022-06-11 16:31:01','1',NULL,2,2),(612,'2022-06-11 16:31:02',NULL,NULL,5,12),(613,'2022-06-11 16:31:02',NULL,NULL,5,6),(614,'2022-06-11 16:31:02','1',NULL,8,7),(615,'2022-06-11 16:31:02','1',NULL,2,1),(616,'2022-06-11 16:31:08',NULL,NULL,7,30),(617,'2022-06-11 16:31:08',NULL,NULL,10,8),(618,'2022-06-11 21:35:45',NULL,NULL,NULL,28),(619,'2022-06-11 21:35:45',NULL,NULL,1,21),(620,'2022-06-11 21:35:45','1',NULL,2,20),(621,'2022-06-11 21:35:46','1',NULL,2,1),(622,'2022-06-11 21:35:50','1',NULL,2,2),(623,'2022-06-11 21:35:50',NULL,NULL,7,29),(624,'2022-06-11 21:35:52','1',NULL,2,1),(625,'2022-06-11 21:36:00',NULL,NULL,NULL,28),(626,'2022-06-11 21:36:00',NULL,NULL,1,21),(627,'2022-06-11 21:36:00','1',NULL,2,20),(628,'2022-06-11 21:36:01','1',NULL,2,1),(629,'2022-06-11 21:36:02','1',NULL,2,2),(630,'2022-06-11 21:36:05',NULL,NULL,7,29),(631,'2022-06-11 21:36:08','1',NULL,2,1),(632,'2022-06-11 21:36:16',NULL,NULL,NULL,28),(633,'2022-06-11 21:36:16',NULL,NULL,1,21),(634,'2022-06-11 21:36:16','1',NULL,2,20),(635,'2022-06-11 21:36:17','1',NULL,2,1),(636,'2022-06-11 21:36:18','1',NULL,2,2),(637,'2022-06-11 21:36:20','1',NULL,2,1),(638,'2022-06-11 21:36:21',NULL,NULL,7,29),(639,'2022-06-11 21:36:21','1',NULL,2,2),(640,'2022-06-11 21:36:22','1',NULL,2,1),(641,'2022-06-11 21:36:28','1',NULL,2,2),(642,'2022-06-11 21:36:29','1',NULL,2,1),(643,'2022-06-11 21:36:33',NULL,NULL,NULL,17),(644,'2022-06-11 21:36:42',NULL,NULL,1,3),(645,'2022-06-11 21:36:42','1',NULL,2,2),(646,'2022-06-11 21:36:43',NULL,NULL,1,4),(647,'2022-06-11 21:36:43','1',NULL,2,1),(648,'2022-06-11 21:37:15','1',NULL,2,2),(649,'2022-06-11 21:37:16','1',NULL,2,1),(650,'2022-06-11 21:43:04','1',NULL,2,2),(651,'2022-06-11 21:43:06','1',NULL,2,1),(652,'2022-06-11 21:45:41','1',NULL,2,2),(653,'2022-06-11 21:45:42','1',NULL,2,1),(654,'2022-06-11 21:46:27','1',NULL,2,2),(655,'2022-06-11 21:46:29','1',NULL,2,1),(656,'2022-06-11 21:46:53','1',NULL,2,2),(657,'2022-06-11 21:46:54','1',NULL,2,1),(658,'2022-06-11 21:47:51','1',NULL,2,2),(659,'2022-06-11 21:47:52','1',NULL,2,1),(660,'2022-06-11 21:48:11','1',NULL,2,2),(661,'2022-06-11 21:48:12','1',NULL,2,1),(662,'2022-06-11 21:49:35','1',NULL,2,2),(663,'2022-06-11 21:49:36','1',NULL,2,1),(664,'2022-06-11 21:50:38','1',NULL,2,22),(665,'2022-06-11 21:50:39','1',NULL,2,20),(666,'2022-06-11 21:52:35','1',NULL,2,2),(667,'2022-06-11 21:52:36','1',NULL,2,1),(668,'2022-06-11 21:52:48',NULL,NULL,NULL,26),(669,'2022-06-11 21:52:49',NULL,NULL,1,19),(670,'2022-06-11 21:57:09','1',NULL,2,2),(671,'2022-06-11 21:57:11','1',NULL,2,1),(672,'2022-06-11 21:57:56','1',NULL,2,2),(673,'2022-06-11 21:57:57','1',NULL,2,1),(674,'2022-06-11 21:58:13','1',NULL,2,2),(675,'2022-06-11 21:58:14','1',NULL,2,1),(676,'2022-06-11 21:58:15',NULL,NULL,NULL,17),(677,'2022-06-11 21:58:49','1',NULL,2,2),(678,'2022-06-11 21:58:51','1',NULL,2,1),(679,'2022-06-11 21:59:32','1',NULL,2,2),(680,'2022-06-11 21:59:33','1',NULL,2,1),(681,'2022-06-11 22:00:35','1',NULL,2,2),(682,'2022-06-11 22:00:37','1',NULL,2,1),(683,'2022-06-11 22:01:12','1',NULL,2,2),(684,'2022-06-11 22:01:14','1',NULL,2,1),(685,'2022-06-11 22:02:25','1',NULL,2,2),(686,'2022-06-11 22:02:27','1',NULL,2,1),(687,'2022-06-11 22:02:39','27',NULL,3,9),(688,'2022-06-11 22:02:39',NULL,NULL,7,11),(689,'2022-06-11 22:03:40','28',NULL,3,9),(690,'2022-06-11 22:03:40',NULL,NULL,7,11),(691,'2022-06-11 22:11:19','1',NULL,2,2),(692,'2022-06-11 22:11:20','1',NULL,2,1),(693,'2022-06-11 22:14:31','1',NULL,2,2),(694,'2022-06-11 22:14:32','1',NULL,2,1),(695,'2022-06-11 22:20:36','1',NULL,2,2),(696,'2022-06-11 22:20:37','1',NULL,2,1),(697,'2022-06-11 22:27:07','1',NULL,2,2),(698,'2022-06-11 22:27:08','1',NULL,2,1),(699,'2022-06-11 22:27:54','1',NULL,2,2),(700,'2022-06-11 22:27:55','1',NULL,2,1),(701,'2022-06-11 22:28:15','1',NULL,2,2),(702,'2022-06-11 22:28:16','1',NULL,2,1),(703,'2022-06-11 22:30:23','1',NULL,2,2),(704,'2022-06-11 22:30:24','1',NULL,2,1),(705,'2022-06-11 22:35:04','1',NULL,2,2),(706,'2022-06-11 22:35:06','1',NULL,2,1),(707,'2022-06-11 22:36:36','1',NULL,2,2),(708,'2022-06-11 22:36:37','1',NULL,2,1),(709,'2022-06-11 22:43:45','1',NULL,2,22),(710,'2022-06-11 22:43:46','1',NULL,2,20),(711,'2022-06-11 22:43:59',NULL,NULL,NULL,17),(712,'2022-06-11 22:47:41','1',NULL,2,2),(713,'2022-06-11 22:47:42','1',NULL,2,1),(714,'2022-06-11 22:58:10',NULL,NULL,NULL,17),(715,'2022-06-11 23:00:32',NULL,NULL,NULL,17),(716,'2022-06-11 23:01:25',NULL,NULL,NULL,17),(717,'2022-06-11 23:09:22',NULL,NULL,NULL,17),(718,'2022-06-11 23:12:08',NULL,NULL,NULL,28),(719,'2022-06-11 23:12:09',NULL,NULL,1,21),(720,'2022-06-11 23:12:09','1',NULL,2,20),(721,'2022-06-11 23:12:09','1',NULL,2,1),(722,'2022-06-11 23:12:11','1',NULL,2,2),(723,'2022-06-11 23:12:14',NULL,NULL,7,29),(724,'2022-06-11 23:12:14','1',NULL,2,1),(725,'2022-06-11 23:12:30',NULL,NULL,NULL,17),(726,'2022-06-11 23:14:05',NULL,NULL,NULL,28),(727,'2022-06-11 23:14:06',NULL,NULL,1,21),(728,'2022-06-11 23:14:06','1',NULL,2,20),(729,'2022-06-11 23:14:06','1',NULL,2,1),(730,'2022-06-11 23:14:10',NULL,NULL,7,29),(731,'2022-06-11 23:14:11','1',NULL,2,2),(732,'2022-06-11 23:14:12','1',NULL,2,1),(733,'2022-06-11 23:15:16','1',NULL,2,2),(734,'2022-06-11 23:15:18','1',NULL,2,1),(735,'2022-06-11 23:15:33','1',NULL,2,2),(736,'2022-06-11 23:15:34','1',NULL,2,1),(737,'2022-06-11 23:15:37','1',NULL,2,2),(738,'2022-06-11 23:15:38','1',NULL,2,1),(739,'2022-06-11 23:15:59','1',NULL,2,2),(740,'2022-06-11 23:16:00','1',NULL,2,1),(741,'2022-06-11 23:16:32','1',NULL,2,2),(742,'2022-06-11 23:16:33','1',NULL,2,1),(743,'2022-06-11 23:16:57','1',NULL,2,2),(744,'2022-06-11 23:16:58','1',NULL,2,1),(745,'2022-06-11 23:17:01','1',NULL,2,2),(746,'2022-06-11 23:17:02','1',NULL,2,1),(747,'2022-06-11 23:17:21','1',NULL,2,2),(748,'2022-06-11 23:17:22','1',NULL,2,1),(749,'2022-06-11 23:17:32','1',NULL,2,2),(750,'2022-06-11 23:17:33','1',NULL,2,1),(751,'2022-06-11 23:18:29','1',NULL,2,2),(752,'2022-06-11 23:18:30','1',NULL,2,1),(753,'2022-06-11 23:18:53',NULL,NULL,NULL,17),(754,'2022-06-11 23:19:08','24',NULL,3,9),(755,'2022-06-11 23:19:08',NULL,NULL,7,11),(756,'2022-06-11 23:19:24','1',NULL,2,2),(757,'2022-06-11 23:19:25','1',NULL,2,1),(758,'2022-06-11 23:19:46','1',NULL,2,2),(759,'2022-06-11 23:19:47','1',NULL,2,1),(760,'2022-06-11 23:19:52','1',NULL,2,2),(761,'2022-06-11 23:19:53','1',NULL,2,1),(762,'2022-06-11 23:20:03','1',NULL,2,2),(763,'2022-06-11 23:20:04','1',NULL,2,1),(764,'2022-06-11 23:20:09','28',NULL,3,9),(765,'2022-06-11 23:20:09',NULL,NULL,7,11),(766,'2022-06-11 23:20:14','1',NULL,2,2),(767,'2022-06-11 23:20:15','1',NULL,2,1),(768,'2022-06-11 23:22:04','1',NULL,2,2),(769,'2022-06-11 23:22:05','1',NULL,2,1),(770,'2022-06-11 23:22:19','1',NULL,2,2),(771,'2022-06-11 23:22:20','1',NULL,2,1),(772,'2022-06-11 23:23:01','1',NULL,2,2),(773,'2022-06-11 23:23:02','1',NULL,2,1),(774,'2022-06-11 23:23:06',NULL,NULL,NULL,17),(775,'2022-06-13 11:20:14',NULL,NULL,NULL,28),(776,'2022-06-13 11:20:15',NULL,NULL,1,21),(777,'2022-06-13 11:20:15','1',NULL,2,20),(778,'2022-06-13 11:20:15','1',NULL,2,1),(779,'2022-06-13 11:20:16','1',NULL,2,2),(780,'2022-06-13 11:20:18','1',NULL,2,1),(781,'2022-06-13 11:20:19','1',NULL,2,2),(782,'2022-06-13 11:20:19',NULL,NULL,7,29),(783,'2022-06-13 11:20:20','1',NULL,2,1),(784,'2022-06-13 11:21:08','1',NULL,8,5),(785,'2022-06-13 11:21:09',NULL,NULL,5,12),(786,'2022-06-13 11:21:09',NULL,NULL,5,6),(787,'2022-06-13 11:21:14','1',NULL,2,2),(788,'2022-06-13 11:21:15','1',NULL,2,1),(789,'2022-06-13 11:21:18',NULL,NULL,5,13),(790,'2022-06-13 11:21:20','1',NULL,8,5),(791,'2022-06-13 11:21:21',NULL,NULL,5,12),(792,'2022-06-13 11:21:21',NULL,NULL,5,6),(793,'2022-06-13 11:21:22','1',NULL,2,2),(794,'2022-06-13 11:21:23','1',NULL,2,1),(795,'2022-06-13 11:21:29','1',NULL,2,2),(796,'2022-06-13 11:21:30',NULL,NULL,5,13),(797,'2022-06-13 11:21:30','1',NULL,2,1),(798,'2022-06-13 11:21:46',NULL,NULL,NULL,17),(799,'2022-06-13 11:21:53','1',NULL,2,2),(800,'2022-06-13 11:21:54','1',NULL,2,1),(801,'2022-06-13 11:22:20',NULL,NULL,NULL,26),(802,'2022-06-13 11:22:21',NULL,NULL,1,19),(803,'2022-06-13 11:22:51','1',NULL,2,22),(804,'2022-06-13 11:22:52','1',NULL,2,20),(805,'2022-06-13 11:22:54','1',NULL,2,22),(806,'2022-06-13 11:22:55','1',NULL,2,20),(807,'2022-06-13 11:23:04','1',NULL,2,22),(808,'2022-06-13 11:23:05','1',NULL,2,20),(809,'2022-06-13 11:23:06','1',NULL,2,22),(810,'2022-06-13 11:23:06','1',NULL,2,20),(811,'2022-06-13 11:23:07','1',NULL,2,22),(812,'2022-06-13 11:23:07','1',NULL,2,20),(813,'2022-06-13 11:23:08','1',NULL,2,22),(814,'2022-06-13 11:23:08','1',NULL,2,20),(815,'2022-06-13 11:23:18','1',NULL,2,22),(816,'2022-06-13 11:23:19','1',NULL,2,20),(817,'2022-06-13 11:23:23','1045687370835',NULL,6,23),(818,'2022-06-13 11:23:23',NULL,NULL,9,24),(819,'2022-06-13 11:23:23',NULL,NULL,1,19),(820,'2022-06-13 11:23:24','1',NULL,2,22),(821,'2022-06-13 11:23:25','1',NULL,2,20),(822,'2022-06-13 11:23:39',NULL,NULL,1,21),(823,'2022-06-13 11:23:51','1',NULL,2,2),(824,'2022-06-13 11:23:52','1',NULL,2,1),(825,'2022-06-13 11:24:05','1',NULL,2,2),(826,'2022-06-13 11:24:06','1',NULL,2,1),(827,'2022-06-13 11:24:11','1045687370835',NULL,6,23),(828,'2022-06-13 11:24:11',NULL,NULL,9,24),(829,'2022-06-13 11:24:11',NULL,NULL,1,19),(830,'2022-06-13 11:24:12','1',NULL,2,22),(831,'2022-06-13 11:24:16','1',NULL,2,2),(832,'2022-06-13 11:24:17','16',NULL,3,9),(833,'2022-06-13 11:24:17',NULL,NULL,7,11),(834,'2022-06-13 11:24:17','1',NULL,2,1),(835,'2022-06-13 11:24:21',NULL,NULL,1,3),(836,'2022-06-13 11:24:22',NULL,NULL,1,4),(837,'2022-06-13 11:24:23',NULL,NULL,1,3),(838,'2022-06-13 11:24:26','1',NULL,2,2),(839,'2022-06-13 11:24:27','1',NULL,2,1),(840,'2022-06-13 11:24:28',NULL,NULL,1,4),(841,'2022-06-13 11:24:29',NULL,NULL,1,3),(842,'2022-06-13 11:24:30',NULL,NULL,1,4),(843,'2022-06-13 11:24:36','1',NULL,2,2),(844,'2022-06-13 11:24:37','1',NULL,2,1),(845,'2022-06-13 11:24:46','1',NULL,2,2),(846,'2022-06-13 11:24:49','1',NULL,2,1),(847,'2022-06-13 11:24:49',NULL,NULL,1,3),(848,'2022-06-13 11:24:50',NULL,NULL,1,4),(849,'2022-06-13 11:24:55','1',NULL,2,2),(850,'2022-06-13 11:24:56','1',NULL,2,1),(851,'2022-06-13 11:25:03',NULL,NULL,1,21),(852,'2022-06-13 11:25:03','1',NULL,2,20),(853,'2022-06-13 11:25:12','1',NULL,8,5),(854,'2022-06-13 11:25:13',NULL,NULL,5,12),(855,'2022-06-13 11:25:13',NULL,NULL,5,6),(856,'2022-06-13 11:25:13','1',NULL,2,2),(857,'2022-06-13 11:25:14','1',NULL,2,1),(858,'2022-06-13 11:25:15','1',NULL,2,2),(859,'2022-06-13 11:25:16','1',NULL,2,1),(860,'2022-06-13 11:25:17','1',NULL,2,2),(861,'2022-06-13 11:25:18','28',NULL,3,9),(862,'2022-06-13 11:25:18',NULL,NULL,7,11),(863,'2022-06-13 11:25:18','1',NULL,2,1),(864,'2022-06-13 11:25:20','1',NULL,2,2),(865,'2022-06-13 11:25:21','1',NULL,2,1),(866,'2022-06-13 11:25:22',NULL,NULL,5,13),(867,'2022-06-13 11:26:07','1',NULL,2,2),(868,'2022-06-13 11:26:08','1',NULL,2,1),(869,'2022-06-13 11:26:51','1',NULL,2,2),(870,'2022-06-13 11:26:52','1',NULL,2,1),(871,'2022-06-13 11:28:13',NULL,NULL,NULL,28),(872,'2022-06-13 11:28:13',NULL,NULL,1,21),(873,'2022-06-13 11:28:13','1',NULL,2,20),(874,'2022-06-13 11:28:13','1',NULL,2,1),(875,'2022-06-13 11:28:14','1',NULL,2,2),(876,'2022-06-13 11:28:17','1',NULL,2,1),(877,'2022-06-13 11:28:18',NULL,NULL,7,29),(878,'2022-06-13 11:28:24','1',NULL,2,2),(879,'2022-06-13 11:28:25','1',NULL,2,1),(880,'2022-06-13 11:28:26',NULL,NULL,NULL,26),(881,'2022-06-13 11:28:26',NULL,NULL,1,19),(882,'2022-06-13 11:28:27','1',NULL,2,22),(883,'2022-06-13 11:28:29','1',NULL,2,20),(884,'2022-06-13 11:28:42',NULL,NULL,1,21),(885,'2022-06-13 11:28:55','1',NULL,2,2),(886,'2022-06-13 11:28:56','1',NULL,2,1),(887,'2022-06-13 11:29:05','1',NULL,2,2),(888,'2022-06-13 11:29:06','1',NULL,2,1),(889,'2022-06-13 11:29:10','1',NULL,2,2),(890,'2022-06-13 11:29:11','1',NULL,2,1),(891,'2022-06-13 11:29:19','1',NULL,2,2),(892,'2022-06-13 11:29:20','1',NULL,2,1),(893,'2022-06-13 11:29:45','1',NULL,2,2),(894,'2022-06-13 11:29:46','1',NULL,2,1),(895,'2022-06-13 11:29:50','1',NULL,2,22),(896,'2022-06-13 11:29:50','1',NULL,2,20),(897,'2022-06-13 11:30:29','1',NULL,2,2),(898,'2022-06-13 11:30:30','1',NULL,2,1),(899,'2022-06-13 11:30:43','1',NULL,2,2),(900,'2022-06-13 11:30:44','1',NULL,2,1),(901,'2022-06-13 11:30:55','1',NULL,2,2),(902,'2022-06-13 11:30:57','1',NULL,2,1),(903,'2022-06-13 11:31:27',NULL,NULL,NULL,28),(904,'2022-06-13 11:31:28',NULL,NULL,1,21),(905,'2022-06-13 11:31:28','1',NULL,2,20),(906,'2022-06-13 11:31:28','1',NULL,2,1),(907,'2022-06-13 11:31:29','1',NULL,2,2),(908,'2022-06-13 11:31:31','1',NULL,2,1),(909,'2022-06-13 11:31:32',NULL,NULL,7,29),(942,'2022-06-13 11:58:44','1',NULL,2,22),(943,'2022-06-13 11:58:44','1',NULL,2,20),(944,'2022-06-13 11:59:31','1',NULL,2,2),(945,'2022-06-13 11:59:32','1',NULL,2,1),(946,'2022-06-13 12:00:21',NULL,NULL,NULL,17),(947,'2022-06-13 12:00:27','1',NULL,2,2),(948,'2022-06-13 12:00:28','1',NULL,2,1),(949,'2022-06-13 12:00:48','1',NULL,2,2),(950,'2022-06-13 12:00:49','1',NULL,2,1),(951,'2022-06-13 12:00:50','1',NULL,2,2),(952,'2022-06-13 12:00:51','1',NULL,2,1),(953,'2022-06-13 12:01:09','1',NULL,2,2),(954,'2022-06-13 12:01:11','1',NULL,2,1),(955,'2022-06-13 12:02:25','1',NULL,2,2),(956,'2022-06-13 12:02:26','1',NULL,2,1),(957,'2022-06-13 12:04:39','1',NULL,8,5),(958,'2022-06-13 12:04:40',NULL,NULL,5,12),(959,'2022-06-13 12:04:40',NULL,NULL,5,6),(960,'2022-06-13 12:04:49',NULL,NULL,5,13),(961,'2022-06-13 12:06:21','1',NULL,2,2),(962,'2022-06-13 12:06:22','1',NULL,2,1),(963,'2022-06-13 12:12:57','1',NULL,2,2),(964,'2022-06-13 12:12:58','1',NULL,2,1),(965,'2022-06-13 12:14:00','1',NULL,2,2),(966,'2022-06-13 12:14:01','1',NULL,2,1),(967,'2022-06-13 12:14:54',NULL,NULL,NULL,17),(1002,'2022-06-13 13:16:34',NULL,NULL,NULL,17),(1003,'2022-06-13 13:17:11','1',NULL,2,2),(1004,'2022-06-13 13:17:12','1',NULL,2,1),(1005,'2022-06-13 13:17:31','1',NULL,2,2),(1006,'2022-06-13 13:17:32','1',NULL,2,1),(1007,'2022-06-13 13:19:46','1',NULL,2,2),(1008,'2022-06-13 13:19:47','1',NULL,2,1),(1009,'2022-06-13 13:24:13','1',NULL,2,2),(1010,'2022-06-13 13:24:14','1',NULL,2,1),(1011,'2022-06-13 13:25:37','1',NULL,2,2),(1012,'2022-06-13 13:25:38','1',NULL,2,1),(1013,'2022-06-13 13:38:24',NULL,NULL,NULL,28),(1014,'2022-06-13 13:38:24',NULL,NULL,1,21),(1015,'2022-06-13 13:38:24','1',NULL,2,20),(1016,'2022-06-13 13:38:25','1',NULL,2,1),(1017,'2022-06-13 13:38:26','1',NULL,2,2),(1018,'2022-06-13 13:38:28','1',NULL,2,1),(1019,'2022-06-13 13:38:29',NULL,NULL,7,29),(1020,'2022-06-13 13:39:10','1',NULL,2,2),(1021,'2022-06-13 13:39:11','1',NULL,2,1),(1022,'2022-06-13 13:39:16','1',NULL,2,2),(1023,'2022-06-13 13:39:17','1',NULL,2,1),(1024,'2022-06-13 13:41:10','1',NULL,2,2),(1025,'2022-06-13 13:41:12','1',NULL,2,1),(1026,'2022-06-13 13:50:04','1',NULL,2,2),(1027,'2022-06-13 13:50:05','1',NULL,2,1),(1028,'2022-06-13 13:54:39','27',NULL,3,9),(1029,'2022-06-13 13:54:39',NULL,NULL,7,11),(1030,'2022-06-13 13:55:09','1',NULL,2,22),(1031,'2022-06-13 13:55:10','1',NULL,2,20),(1032,'2022-06-13 13:55:40','28',NULL,3,9),(1033,'2022-06-13 13:55:40',NULL,NULL,7,11),(1034,'2022-06-13 14:02:34','1',NULL,2,22),(1035,'2022-06-13 14:02:34','1',NULL,2,20),(1036,'2022-06-13 14:07:36','1',NULL,2,2),(1037,'2022-06-13 14:07:37','1',NULL,2,1),(1038,'2022-06-13 14:12:51','1045687370835',NULL,6,23),(1039,'2022-06-13 14:12:51',NULL,NULL,9,24),(1040,'2022-06-13 14:12:51',NULL,NULL,1,19),(1041,'2022-06-13 14:12:51','1',NULL,2,22),(1062,'2022-06-13 15:08:16',NULL,NULL,NULL,17),(1063,'2022-06-13 15:11:38','1',NULL,2,2),(1064,'2022-06-13 15:11:39','1',NULL,2,1),(1065,'2022-06-13 15:13:35',NULL,NULL,NULL,17),(1066,'2022-06-13 15:26:33','1',NULL,2,2),(1067,'2022-06-13 15:26:34','1',NULL,2,1),(1068,'2022-06-13 15:26:57','27',NULL,3,9),(1069,'2022-06-13 15:26:57',NULL,NULL,7,11),(1070,'2022-06-13 15:27:58','28',NULL,3,9),(1071,'2022-06-13 15:27:58',NULL,NULL,7,11),(1072,'2022-06-13 15:34:03','26',NULL,3,9),(1073,'2022-06-13 15:34:04',NULL,NULL,7,11),(1074,'2022-06-13 15:34:18','1',NULL,2,2),(1075,'2022-06-13 15:34:19','1',NULL,2,1),(1076,'2022-06-13 15:35:05','28',NULL,3,9),(1077,'2022-06-13 15:35:05',NULL,NULL,7,11),(1078,'2022-06-13 15:35:55','1',NULL,2,2),(1079,'2022-06-13 15:35:56','1',NULL,2,1),(1080,'2022-06-13 15:44:19',NULL,NULL,1,21),(1081,'2022-06-13 15:44:19','1',NULL,2,20),(1082,'2022-06-13 15:45:11','1',NULL,2,2),(1083,'2022-06-13 15:45:12','1',NULL,2,1),(1084,'2022-06-13 15:45:16',NULL,NULL,NULL,17),(1085,'2022-06-13 15:50:21','1',NULL,2,2),(1086,'2022-06-13 15:50:22','1',NULL,2,1),(1087,'2022-06-13 15:51:18','26',NULL,3,9),(1088,'2022-06-13 15:51:18',NULL,NULL,7,11),(1089,'2022-06-13 15:52:19','28',NULL,3,9),(1090,'2022-06-13 15:52:19',NULL,NULL,7,11),(1091,'2022-06-13 15:52:38','1',NULL,2,2),(1092,'2022-06-13 15:52:39','1',NULL,2,1),(1093,'2022-06-13 15:53:21','27',NULL,3,9),(1094,'2022-06-13 15:53:21',NULL,NULL,7,11),(1095,'2022-06-13 15:54:22','28',NULL,3,9),(1096,'2022-06-13 15:54:22',NULL,NULL,7,11),(1097,'2022-06-13 15:58:25',NULL,NULL,NULL,28),(1098,'2022-06-13 15:58:26',NULL,NULL,1,21),(1099,'2022-06-13 15:58:26','1',NULL,2,20),(1100,'2022-06-13 15:58:26','1',NULL,2,1),(1101,'2022-06-13 15:58:29','1',NULL,2,2),(1102,'2022-06-13 15:58:30','1',NULL,2,1),(1103,'2022-06-13 15:58:31',NULL,NULL,7,29),(1104,'2022-06-13 15:58:35',NULL,NULL,NULL,17),(1105,'2022-06-13 15:58:47','1',NULL,2,2),(1106,'2022-06-13 15:58:48','1',NULL,2,1),(1107,'2022-06-13 15:59:27','18',NULL,3,9),(1108,'2022-06-13 15:59:27',NULL,NULL,7,11),(1109,'2022-06-13 16:00:27','28',NULL,3,9),(1110,'2022-06-13 16:00:27',NULL,NULL,7,11),(1111,'2022-06-13 16:00:28','1',NULL,2,2),(1112,'2022-06-13 16:00:29','1',NULL,2,1),(1113,'2022-06-13 16:00:44','1082352421516',NULL,6,23),(1114,'2022-06-13 16:00:44',NULL,NULL,9,24),(1115,'2022-06-13 16:00:45',NULL,NULL,1,19),(1116,'2022-06-13 16:00:45','1',NULL,2,22),(1117,'2022-06-13 16:00:51',NULL,NULL,1,3),(1118,'2022-06-13 16:01:02','1',NULL,2,2),(1119,'2022-06-13 16:01:03','1',NULL,2,1),(1120,'2022-06-13 16:01:05',NULL,NULL,1,4),(1121,'2022-06-13 16:01:06',NULL,NULL,1,3),(1122,'2022-06-13 16:01:10',NULL,NULL,1,4),(1123,'2022-06-13 16:01:48',NULL,NULL,1,3),(1124,'2022-06-13 16:01:52',NULL,NULL,1,4),(1125,'2022-06-13 16:02:04','1',NULL,2,2),(1126,'2022-06-13 16:02:05','1',NULL,2,1),(1127,'2022-06-13 16:02:37',NULL,NULL,1,3),(1128,'2022-06-13 16:03:23',NULL,NULL,NULL,28),(1129,'2022-06-13 16:03:23','1',NULL,2,22),(1130,'2022-06-13 16:03:24','1',NULL,2,1),(1131,'2022-06-13 16:03:29',NULL,NULL,7,29),(1132,'2022-06-13 16:03:36',NULL,NULL,1,3),(1133,'2022-06-13 16:03:41',NULL,NULL,1,4),(1134,'2022-06-13 16:04:05',NULL,NULL,1,3),(1135,'2022-06-13 16:04:15',NULL,NULL,1,4),(1136,'2022-06-13 16:04:50',NULL,NULL,1,3),(1137,'2022-06-13 16:04:52',NULL,NULL,1,4),(1152,'2022-06-13 16:20:05',NULL,NULL,NULL,17),(1153,'2022-06-13 16:20:20',NULL,NULL,NULL,28),(1154,'2022-06-13 16:20:21','1',NULL,2,22),(1155,'2022-06-13 16:20:21','1',NULL,2,1),(1156,'2022-06-13 16:20:26',NULL,NULL,7,29),(1157,'2022-06-13 16:21:31','1',NULL,2,2),(1158,'2022-06-13 16:21:32','1',NULL,2,1),(1159,'2022-06-13 16:23:07',NULL,NULL,NULL,28),(1160,'2022-06-13 16:23:07','1',NULL,2,22),(1161,'2022-06-13 16:23:07','1',NULL,2,1),(1162,'2022-06-13 16:23:12',NULL,NULL,7,29),(1163,'2022-06-13 16:23:31','1',NULL,2,2),(1164,'2022-06-13 16:23:32','1',NULL,2,1),(1165,'2022-06-13 16:23:42','1',NULL,2,2),(1166,'2022-06-13 16:23:43','1',NULL,2,1),(1167,'2022-06-13 16:24:42','1',NULL,2,2),(1168,'2022-06-13 16:24:43','1',NULL,2,1),(1169,'2022-06-13 18:00:41',NULL,NULL,NULL,28),(1170,'2022-06-13 18:00:41','1',NULL,2,22),(1171,'2022-06-13 18:00:42','1',NULL,2,1),(1172,'2022-06-13 18:00:43','1',NULL,2,2),(1173,'2022-06-13 18:00:44','1',NULL,2,1),(1174,'2022-06-13 18:00:45','1',NULL,2,2),(1175,'2022-06-13 18:00:46','1',NULL,2,1),(1176,'2022-06-13 18:00:47',NULL,NULL,7,29),(1201,'2022-06-13 18:01:15',NULL,NULL,NULL,28),(1202,'2022-06-13 18:01:15','1',NULL,2,22),(1203,'2022-06-13 18:01:15','1',NULL,2,1),(1204,'2022-06-13 18:01:16','1',NULL,2,2),(1205,'2022-06-13 18:01:17','1',NULL,2,1),(1206,'2022-06-13 18:01:18','1',NULL,2,2),(1207,'2022-06-13 18:01:19','1',NULL,2,1),(1208,'2022-06-13 18:01:20',NULL,NULL,7,29),(1209,'2022-06-13 18:01:20','1',NULL,2,2),(1210,'2022-06-13 18:01:21','1',NULL,2,1),(1211,'2022-06-13 18:01:22','1',NULL,2,2),(1212,'2022-06-13 18:01:23','1',NULL,2,1),(1213,'2022-06-13 18:01:24','1',NULL,2,2),(1214,'2022-06-13 18:02:44',NULL,NULL,NULL,28),(1215,'2022-06-13 18:02:45','1',NULL,2,22),(1216,'2022-06-13 18:02:45','1',NULL,2,1),(1217,'2022-06-13 18:02:45','0.01','last weight',4,10),(1218,'2022-06-13 18:02:50',NULL,NULL,7,29),(1219,'2022-06-13 18:02:59',NULL,NULL,1,21),(1220,'2022-06-13 18:02:59','1',NULL,2,20),(1221,'2022-06-13 18:03:01','1',NULL,2,2),(1222,'2022-06-13 18:03:05','1',NULL,2,1),(1223,'2022-06-13 18:03:09','1',NULL,2,2),(1224,'2022-06-13 18:03:10','1',NULL,2,1),(1225,'2022-06-13 18:03:15','1',NULL,2,2),(1226,'2022-06-13 18:03:16','1',NULL,2,1),(1227,'2022-06-13 18:03:26','1',NULL,2,2),(1228,'2022-06-13 18:03:27','1',NULL,2,1),(1229,'2022-06-13 18:03:30','1',NULL,2,2),(1230,'2022-06-13 18:03:32','1',NULL,2,1),(1231,'2022-06-13 18:03:45','0.0',NULL,4,10),(1232,'2022-06-13 18:03:45','19',NULL,3,9),(1233,'2022-06-13 18:03:45',NULL,NULL,7,11),(1234,'2022-06-13 18:04:05','441393861993',NULL,6,23),(1235,'2022-06-13 18:04:05',NULL,NULL,9,24),(1236,'2022-06-13 18:04:20','441393861993',NULL,6,23),(1237,'2022-06-13 18:04:20',NULL,NULL,9,24),(1238,'2022-06-13 18:04:24','1',NULL,2,2),(1239,'2022-06-13 18:04:25','1',NULL,2,22),(1240,'2022-06-13 18:04:26','1',NULL,2,1),(1241,'2022-06-13 18:04:27','1',NULL,2,20),(1242,'2022-06-13 18:04:28','1',NULL,2,2),(1243,'2022-06-13 18:04:29','1',NULL,2,1),(1244,'2022-06-13 18:04:33','1',NULL,2,2),(1245,'2022-06-13 18:04:34','1',NULL,2,1),(1246,'2022-06-13 18:04:35','1',NULL,2,22),(1247,'2022-06-13 18:04:35','1',NULL,2,2),(1248,'2022-06-13 18:04:36','1',NULL,2,20),(1249,'2022-06-13 18:04:36','1',NULL,2,1),(1250,'2022-06-13 18:04:41',NULL,NULL,NULL,14),(1251,'2022-06-13 18:04:43','1',NULL,2,2),(1252,'2022-06-13 18:04:44','1',NULL,2,1),(1253,'2022-06-13 18:04:46','28',NULL,3,9),(1254,'2022-06-13 18:04:46',NULL,NULL,7,11),(1255,'2022-06-13 18:04:47',NULL,NULL,NULL,17),(1256,'2022-06-13 18:06:48','21',NULL,3,9),(1257,'2022-06-13 18:06:48',NULL,NULL,7,11),(1258,'2022-06-13 18:07:02','1',NULL,2,2),(1259,'2022-06-13 18:07:03','1',NULL,2,1),(1260,'2022-06-13 18:07:44','1',NULL,2,2),(1261,'2022-06-13 18:07:45','1',NULL,2,1),(1262,'2022-06-13 18:07:48','12',NULL,3,9),(1263,'2022-06-13 18:07:48',NULL,NULL,7,11),(1264,'2022-06-13 18:07:58','1',NULL,2,2),(1265,'2022-06-13 18:07:59','1',NULL,2,1),(1266,'2022-06-13 18:08:12','1',NULL,2,2),(1267,'2022-06-13 18:08:13','441393861993',NULL,6,23),(1268,'2022-06-13 18:08:13',NULL,NULL,9,24),(1269,'2022-06-13 18:08:13','1',NULL,2,1),(1270,'2022-06-13 18:08:15',NULL,NULL,1,19),(1271,'2022-06-13 18:08:15','1',NULL,2,22),(1302,'2022-06-13 18:08:49','28',NULL,3,9),(1303,'2022-06-13 18:08:49',NULL,NULL,7,11),(1304,'2022-06-13 18:08:49','1',NULL,2,2),(1305,'2022-06-13 18:08:51',NULL,NULL,1,21),(1306,'2022-06-13 18:08:51','1',NULL,2,20),(1307,'2022-06-13 18:08:51','1',NULL,2,1),(1308,'2022-06-13 18:08:52','1',NULL,2,22),(1309,'2022-06-13 18:08:52','1',NULL,2,20),(1310,'2022-06-13 18:08:53','1',NULL,2,2),(1311,'2022-06-13 18:08:54','1',NULL,2,1),(1312,'2022-06-13 18:08:55','1',NULL,2,22),(1313,'2022-06-13 18:08:55','1',NULL,2,20),(1314,'2022-06-13 18:08:55','1',NULL,2,2),(1315,'2022-06-13 18:08:56','1',NULL,2,1),(1316,'2022-06-13 18:08:57','1',NULL,2,2),(1317,'2022-06-13 18:08:58',NULL,NULL,NULL,17),(1325,'2022-06-13 18:09:06','1',NULL,2,22),(1326,'2022-06-13 18:09:06','1',NULL,2,20),(1343,'2022-06-13 18:09:22',NULL,NULL,NULL,17),(1356,'2022-06-13 18:09:35',NULL,NULL,NULL,17),(1373,'2022-06-13 18:09:51','1',NULL,2,22),(1374,'2022-06-13 18:09:52','1',NULL,2,20),(1375,'2022-06-13 18:09:52','1',NULL,2,2),(1376,'2022-06-13 18:09:53','1',NULL,2,1),(1377,'2022-06-13 18:09:54','1',NULL,2,22),(1378,'2022-06-13 18:09:54','1',NULL,2,20),(1379,'2022-06-13 18:09:54','1',NULL,2,2),(1380,'2022-06-13 18:09:56','1',NULL,2,1),(1381,'2022-06-13 18:09:57','1',NULL,2,2),(1382,'2022-06-13 18:09:58','1',NULL,2,1),(1383,'2022-06-13 18:09:59','1',NULL,2,22),(1384,'2022-06-13 18:09:59','1',NULL,2,20),(1395,'2022-06-13 18:10:09','1',NULL,2,22),(1396,'2022-06-13 18:10:10','1',NULL,2,20),(1405,'2022-06-13 18:10:18','1',NULL,2,22),(1406,'2022-06-13 18:10:18','1',NULL,2,20),(1407,'2022-06-13 18:10:19','1',NULL,2,2),(1408,'2022-06-13 18:17:50',NULL,NULL,NULL,28),(1409,'2022-06-13 18:17:50','1',NULL,2,22),(1410,'2022-06-13 18:17:51','1',NULL,2,1),(1411,'2022-06-13 18:17:56',NULL,NULL,7,29),(1412,'2022-06-13 18:18:13','1',NULL,2,2),(1413,'2022-06-13 18:18:14','1',NULL,2,1),(1414,'2022-06-13 18:18:16','1',NULL,2,2),(1415,'2022-06-13 18:18:17','1',NULL,2,1),(1416,'2022-06-13 18:20:01',NULL,NULL,1,21),(1417,'2022-06-13 18:20:01','1',NULL,2,20),(1418,'2022-06-13 19:22:23',NULL,NULL,NULL,28),(1419,'2022-06-13 19:22:23',NULL,NULL,1,21),(1420,'2022-06-13 19:22:23','1',NULL,2,20),(1421,'2022-06-13 19:22:23','1',NULL,2,1),(1422,'2022-06-13 19:22:28',NULL,NULL,7,29),(1423,'2022-06-13 19:23:06','1',NULL,2,2),(1424,'2022-06-13 19:23:07','1',NULL,2,1),(1425,'2022-06-13 19:23:20','1',NULL,2,2),(1426,'2022-06-13 19:23:22','1',NULL,2,1),(1427,'2022-06-13 19:23:27','1',NULL,2,2),(1428,'2022-06-13 19:23:30','1',NULL,2,1),(1429,'2022-06-13 19:23:35','441393861993',NULL,6,23),(1430,'2022-06-13 19:23:36',NULL,NULL,9,24),(1431,'2022-06-13 19:23:36',NULL,NULL,1,19),(1432,'2022-06-13 19:23:37','1',NULL,2,22),(1433,'2022-06-13 19:24:01',NULL,NULL,NULL,17),(1434,'2022-06-13 19:24:54',NULL,NULL,1,3),(1435,'2022-06-13 19:24:57',NULL,NULL,1,4),(1436,'2022-06-13 19:25:06',NULL,NULL,1,3),(1437,'2022-06-13 19:25:08',NULL,NULL,1,4),(1438,'2022-06-13 19:25:25','20',NULL,3,9),(1439,'2022-06-13 19:25:25',NULL,NULL,7,11),(1440,'2022-06-13 19:26:25','28',NULL,3,9),(1441,'2022-06-13 19:26:25',NULL,NULL,7,11),(1442,'2022-06-13 19:27:26','20',NULL,3,9),(1443,'2022-06-13 19:27:26',NULL,NULL,7,11),(1444,'2022-06-13 19:27:30','1',NULL,2,2),(1445,'2022-06-13 19:27:31','1',NULL,2,1),(1446,'2022-06-13 19:27:46','1',NULL,2,2),(1447,'2022-06-13 19:27:47','1',NULL,2,1),(1448,'2022-06-13 19:28:27','28',NULL,3,9),(1449,'2022-06-13 19:28:27',NULL,NULL,7,11),(1450,'2022-06-13 19:30:38',NULL,NULL,1,21),(1451,'2022-06-13 19:30:38','1',NULL,2,20),(1452,'2022-06-13 19:31:52',NULL,NULL,NULL,17),(1453,'2022-06-13 19:36:05',NULL,NULL,NULL,17),(2986,'2022-06-14 14:09:15',NULL,NULL,NULL,28),(2987,'2022-06-14 14:09:16',NULL,NULL,1,21),(2988,'2022-06-14 14:09:16','1',NULL,2,20),(2989,'2022-06-14 14:09:16','1',NULL,2,1),(2990,'2022-06-14 14:09:21',NULL,NULL,7,29),(2991,'2022-06-14 14:09:31',NULL,NULL,NULL,17),(2992,'2022-06-14 14:26:47',NULL,NULL,NULL,28),(2993,'2022-06-14 14:26:48',NULL,NULL,1,21),(2994,'2022-06-14 14:26:48','1',NULL,2,20),(2995,'2022-06-14 14:26:48','1',NULL,2,1),(2996,'2022-06-14 14:26:52',NULL,NULL,7,29),(2997,'2022-06-14 14:26:56',NULL,NULL,NULL,17),(2998,'2022-06-14 14:27:02','1',NULL,2,2),(2999,'2022-06-14 14:27:03','1',NULL,2,1),(3000,'2022-06-14 14:27:48','20',NULL,3,9),(3001,'2022-06-14 14:27:48',NULL,NULL,7,11),(3002,'2022-06-14 14:28:49','28',NULL,3,9),(3003,'2022-06-14 14:28:49',NULL,NULL,7,11),(3004,'2022-06-14 14:30:29','1',NULL,2,2),(3005,'2022-06-14 14:30:30','1',NULL,2,1),(3006,'2022-06-14 14:30:51','288120969494',NULL,6,23),(3007,'2022-06-14 14:30:51',NULL,NULL,9,24),(3008,'2022-06-14 14:30:51',NULL,NULL,1,19),(3009,'2022-06-14 14:31:00','701557316595',NULL,6,23),(3010,'2022-06-14 14:31:00',NULL,NULL,9,24),(3011,'2022-06-14 14:31:07',NULL,NULL,1,21),(3012,'2022-06-14 14:31:26','701557316595',NULL,6,23),(3013,'2022-06-14 14:31:26',NULL,NULL,9,24),(3014,'2022-06-14 14:31:30',NULL,NULL,NULL,14),(3015,'2022-06-14 14:31:39',NULL,NULL,NULL,17),(3016,'2022-06-14 14:32:08',NULL,NULL,1,3),(3017,'2022-06-14 14:32:09',NULL,NULL,1,4),(3018,'2022-06-14 14:33:33',NULL,NULL,NULL,26),(3417,'2022-06-14 19:09:50','25',NULL,3,9),(3418,'2022-06-14 19:09:50',NULL,NULL,7,11),(3419,'2022-06-14 19:10:32',NULL,NULL,1,21),(3420,'2022-06-14 19:10:32','1',NULL,2,20),(3421,'2022-06-14 19:10:41','1',NULL,2,2),(3422,'2022-06-14 19:10:42','1',NULL,2,1),(3423,'2022-06-14 19:10:44','1',NULL,2,2),(3424,'2022-06-14 19:10:44','1',NULL,2,1),(3425,'2022-06-14 19:10:46','1',NULL,2,22),(3426,'2022-06-14 19:10:47','1',NULL,2,20),(3427,'2022-06-14 19:10:50','20',NULL,3,9),(3428,'2022-06-14 19:10:50',NULL,NULL,7,11),(3429,'2022-06-14 19:10:56','1045687370835',NULL,6,23),(3430,'2022-06-14 19:10:56',NULL,NULL,9,24),(3431,'2022-06-14 19:10:56',NULL,NULL,1,19),(3432,'2022-06-14 19:10:58','1',NULL,2,22),(3433,'2022-06-14 19:11:03','1',NULL,2,20),(3434,'2022-06-14 19:11:12',NULL,NULL,1,21),(3435,'2022-06-14 19:11:51','28',NULL,3,9),(3436,'2022-06-14 19:11:51',NULL,NULL,7,11),(3437,'2022-06-14 19:16:37','1',NULL,2,2),(3438,'2022-06-14 19:16:39','1',NULL,2,1),(3439,'2022-06-14 19:20:56','26',NULL,3,9),(3440,'2022-06-14 19:20:56',NULL,NULL,7,11),(3441,'2022-06-14 19:21:57','25',NULL,3,9),(3442,'2022-06-14 19:21:57',NULL,NULL,7,11),(3443,'2022-06-14 19:22:57','28',NULL,3,9),(3444,'2022-06-14 19:22:57',NULL,NULL,7,11),(3445,'2022-06-14 19:23:42',NULL,NULL,NULL,28),(3446,'2022-06-14 19:23:43',NULL,NULL,1,21),(3447,'2022-06-14 19:23:43','1',NULL,2,20),(3448,'2022-06-14 19:23:43','1',NULL,2,1),(3449,'2022-06-14 19:23:47',NULL,NULL,7,29),(3450,'2022-06-14 19:23:52',NULL,NULL,NULL,17),(3451,'2022-06-14 19:24:43','19',NULL,3,9),(3452,'2022-06-14 19:24:43',NULL,NULL,7,11),(3453,'2022-06-14 19:25:44','28',NULL,3,9),(3454,'2022-06-14 19:25:44',NULL,NULL,7,11),(3455,'2022-06-14 19:28:57','1045687370835',NULL,6,23),(3456,'2022-06-14 19:28:57',NULL,NULL,9,24),(3457,'2022-06-14 19:28:58',NULL,NULL,1,19),(3458,'2022-06-14 19:28:58','1',NULL,2,22),(3459,'2022-06-14 19:51:15','1',NULL,2,2),(3460,'2022-06-14 19:51:17','1',NULL,2,1),(3461,'2022-06-14 19:51:17','1',NULL,2,2),(3462,'2022-06-14 19:51:18','1',NULL,2,1),(3463,'2022-06-14 19:51:27',NULL,NULL,NULL,17),(3464,'2022-06-14 19:52:12','1',NULL,2,2),(3465,'2022-06-14 19:52:14','1',NULL,2,1),(3466,'2022-06-14 20:00:04',NULL,NULL,NULL,28),(3467,'2022-06-14 20:00:04','1',NULL,2,22),(3468,'2022-06-14 20:00:04','1',NULL,2,1),(3469,'2022-06-14 20:00:09',NULL,NULL,7,29),(3470,'2022-06-14 20:00:37','1',NULL,2,2),(3471,'2022-06-14 20:00:38','1',NULL,2,1),(3472,'2022-06-14 20:02:17',NULL,NULL,NULL,28),(3473,'2022-06-14 20:02:18','1',NULL,2,22),(3474,'2022-06-14 20:02:18','1',NULL,2,1),(3475,'2022-06-14 20:02:23',NULL,NULL,7,29),(3476,'2022-06-14 20:31:37',NULL,NULL,1,21),(3477,'2022-06-14 20:31:37','1',NULL,2,20),(3478,'2022-06-14 20:31:41','1',NULL,2,22),(3479,'2022-06-14 20:31:43','1',NULL,2,20),(3480,'2022-06-14 20:32:06','1',NULL,2,22),(3481,'2022-06-14 20:32:10','1082352421516',NULL,6,23),(3482,'2022-06-14 20:32:10',NULL,NULL,9,24);
/*!40000 ALTER TABLE `history` ENABLE KEYS */;
UNLOCK TABLES;

--
-- Table structure for table `location`
--

DROP TABLE IF EXISTS `location`;
/*!40101 SET @saved_cs_client     = @@character_set_client */;
/*!40101 SET character_set_client = utf8 */;
CREATE TABLE `location` (
  `locationid` int(11) NOT NULL AUTO_INCREMENT,
  `coordinates` varchar(100) NOT NULL,
  `address` varchar(150) NOT NULL,
  `name` varchar(80) NOT NULL,
  PRIMARY KEY (`locationid`)
) ENGINE=InnoDB AUTO_INCREMENT=2 DEFAULT CHARSET=utf8;
/*!40101 SET character_set_client = @saved_cs_client */;

--
-- Dumping data for table `location`
--

LOCK TABLES `location` WRITE;
/*!40000 ALTER TABLE `location` DISABLE KEYS */;
INSERT INTO `location` VALUES (1,'50.81265,3.27249','Doorniksesteenweg 200, 8500 Kortrijk','Garbage 1');
/*!40000 ALTER TABLE `location` ENABLE KEYS */;
UNLOCK TABLES;

--
-- Table structure for table `user`
--

DROP TABLE IF EXISTS `user`;
/*!40101 SET @saved_cs_client     = @@character_set_client */;
/*!40101 SET character_set_client = utf8 */;
CREATE TABLE `user` (
  `userid` int(11) NOT NULL AUTO_INCREMENT,
  `name` varchar(45) NOT NULL,
  `password` varchar(100) NOT NULL,
  `badgeid` decimal(20,0) NOT NULL,
  PRIMARY KEY (`userid`)
) ENGINE=InnoDB AUTO_INCREMENT=15 DEFAULT CHARSET=utf8;
/*!40101 SET character_set_client = @saved_cs_client */;

--
-- Dumping data for table `user`
--

LOCK TABLES `user` WRITE;
/*!40000 ALTER TABLE `user` DISABLE KEYS */;
INSERT INTO `user` VALUES (7,'leix3','123',1082352421516),(8,'jens','12345667',458664380192),(9,'jens23','643dfb',288120969494),(11,'warre','123',150713599497),(12,'test','test',1045687370835);
/*!40000 ALTER TABLE `user` ENABLE KEYS */;
UNLOCK TABLES;
/*!40103 SET TIME_ZONE=@OLD_TIME_ZONE */;

/*!40101 SET SQL_MODE=@OLD_SQL_MODE */;
/*!40014 SET FOREIGN_KEY_CHECKS=@OLD_FOREIGN_KEY_CHECKS */;
/*!40014 SET UNIQUE_CHECKS=@OLD_UNIQUE_CHECKS */;
/*!40101 SET CHARACTER_SET_CLIENT=@OLD_CHARACTER_SET_CLIENT */;
/*!40101 SET CHARACTER_SET_RESULTS=@OLD_CHARACTER_SET_RESULTS */;
/*!40101 SET COLLATION_CONNECTION=@OLD_COLLATION_CONNECTION */;
/*!40111 SET SQL_NOTES=@OLD_SQL_NOTES */;

-- Dump completed on 2022-06-14 20:34:00
